dynamics,prediction_time
38.0,307.0464782714844
39.0,303.94775390625
40.0,300.8490295410156
41.0,297.7503356933594
42.0,295.0351257324219
43.0,293.8741455078125
44.0,293.3058166503906
45.0,293.6305236816406
46.0,293.98876953125
47.0,294.43341064453125
48.0,295.3077697753906
49.0,296.1821594238281
50.0,297.0565490722656
51.0,297.9309387207031
52.0,298.8053283691406
